P_ID,true_label,pred,prob
PA01,0,0,0.3422437608242035
PA01,0,0,0.1734117865562439
PA01,1,0,0.4643758535385132
PA01,0,0,0.45649614930152893
PA01,1,1,0.5033309459686279
PA01,1,0,0.45501789450645447
PA01,0,0,0.41095954179763794
PA01,1,0,0.2999270558357239
PA01,1,0,0.3849423825740814
PA01,1,1,0.5656325221061707
PA01,1,0,0.37734848260879517
PA01,1,0,0.31927523016929626
PA01,0,0,0.4929940402507782
PA01,0,0,0.35199397802352905
PA01,0,0,0.39472517371177673
PA01,0,1,0.5063238739967346
PA01,1,0,0.4704064726829529
PA01,0,0,0.35361477732658386
PA01,1,0,0.3775271475315094
PA01,1,0,0.33185523748397827
PA01,0,0,0.256451815366745
PA01,0,0,0.3807365894317627
PA01,0,0,0.42072612047195435
PA01,1,0,0.11096183210611343
PA01,1,0,0.27011236548423767
PA01,0,0,0.45921212434768677
PA01,0,1,0.5151739716529846
PA01,1,0,0.26799967885017395
PA01,0,0,0.3036749064922333
PA01,1,0,0.34284019470214844
PA01,0,0,0.20319142937660217
PA01,1,0,0.24063298106193542
PA01,0,0,0.18892361223697662
PA01,1,0,0.4120357632637024
PA01,0,0,0.4382421672344208
PA01,0,0,0.4772496819496155
PA01,0,1,0.5001584887504578
PA01,1,0,0.3197805881500244
PA01,1,0,0.10529035329818726
PA01,1,0,0.15580640733242035
PA01,0,0,0.464923232793808
PA01,1,0,0.1766834259033203
PA01,1,0,0.4266476631164551
PA01,1,0,0.4488416910171509
PA01,0,0,0.3282489776611328
PA01,1,0,0.4480848014354706
PA01,0,0,0.387023389339447
PA01,1,0,0.23658260703086853
PA01,0,0,0.301038920879364
PA01,0,0,0.29461249709129333
PA02,0,0,0.4037203788757324
PA02,0,0,0.10828104615211487
PA02,0,0,0.4172276556491852
PA02,1,0,0.4448462128639221
PA02,1,0,0.3402705788612366
PA02,0,0,0.17365491390228271
PA02,1,0,0.36631277203559875
PA02,1,0,0.19853805005550385
PA02,0,0,0.1857910305261612
PA02,1,0,0.08824560046195984
PA02,1,0,0.36383965611457825
PA02,0,1,0.5498095750808716
PA02,1,0,0.4323389530181885
PA02,0,0,0.44374388456344604
PA02,0,0,0.4929029047489166
PA02,0,0,0.46341702342033386
PA02,0,0,0.43576931953430176
PA02,1,0,0.09845951944589615
PA02,1,0,0.4994521141052246
PA02,0,1,0.5005701780319214
PA02,0,0,0.2652645707130432
PA02,1,0,0.27688363194465637
PA02,0,0,0.3253147602081299
PA02,0,0,0.14021848142147064
PA02,0,0,0.07415132224559784
PA02,0,0,0.015201029367744923
PA02,1,0,0.4777570962905884
PA02,1,0,0.28335630893707275
PA02,1,0,0.3845125138759613
PA02,1,1,0.5364095568656921
PA02,0,0,0.17461389303207397
PA02,0,0,0.4706937372684479
PA02,0,0,0.2635762691497803
PA02,0,0,0.4272106885910034
PA02,1,0,0.41685622930526733
PA02,0,0,0.15433329343795776
PA02,1,0,0.2919404208660126
PA02,0,0,0.21514664590358734
PA02,1,0,0.0228197630494833
PA02,1,0,0.3301883339881897
PA02,1,0,0.373227059841156
PA02,1,0,0.3373059630393982
PA02,1,0,0.4744683504104614
PA02,1,1,0.5159972906112671
PA02,1,1,0.5222151279449463
PA02,1,1,0.5049711465835571
PA02,0,0,0.39660531282424927
PA02,0,0,0.19585174322128296
PA02,1,0,0.2447235882282257
PA02,0,0,0.16853149235248566
PA03,0,0,0.3265194892883301
PA03,1,0,0.24106088280677795
PA03,0,0,0.24329456686973572
PA03,1,0,0.4780801236629486
PA03,1,0,0.19470272958278656
PA03,0,0,0.3507784903049469
PA03,0,0,0.41263383626937866
PA03,1,0,0.3483414947986603
PA03,0,0,0.2229999303817749
PA03,1,0,0.37511470913887024
PA03,0,0,0.3709627091884613
PA03,1,0,0.25461286306381226
PA03,1,0,0.381366491317749
PA03,1,0,0.4045383632183075
PA03,1,0,0.2701588273048401
PA03,1,0,0.34888964891433716
PA03,0,0,0.43424302339553833
PA03,0,0,0.3010665774345398
PA03,1,0,0.46148526668548584
PA03,0,0,0.31362175941467285
PA03,1,0,0.360226035118103
PA03,1,1,0.5729144811630249
PA03,1,0,0.3424127399921417
PA03,0,0,0.08789877593517303
PA03,1,0,0.45685967803001404
PA03,0,0,0.07644664496183395
PA03,0,0,0.24140170216560364
PA03,1,0,0.3043729364871979
PA03,0,0,0.29371631145477295
PA03,0,0,0.2935974597930908
PA03,0,0,0.38375943899154663
PA03,1,0,0.24427784979343414
PA03,0,0,0.24333979189395905
PA03,0,0,0.3167421221733093
PA03,1,0,0.3656708598136902
PA03,1,0,0.34397274255752563
PA03,1,0,0.42585837841033936
PA03,1,0,0.3163568377494812
PA03,0,0,0.27501794695854187
PA03,0,0,0.4770277738571167
PA03,0,0,0.2899838984012604
PA03,0,0,0.09838911890983582
PA03,1,0,0.1531609445810318
PA03,0,1,0.5187451243400574
PA03,1,1,0.5047039985656738
PA03,1,0,0.16904208064079285
PA03,0,0,0.23512934148311615
PA03,0,0,0.07364495098590851
PA03,1,0,0.15489418804645538
PA03,0,0,0.29690292477607727
PA04,0,0,0.30041342973709106
PA04,1,0,0.34226560592651367
PA04,0,1,0.5052239298820496
PA04,0,0,0.3098137378692627
PA04,1,1,0.5829637050628662
PA04,1,1,0.5061399936676025
PA04,0,0,0.44036778807640076
PA04,0,0,0.36510753631591797
PA04,0,0,0.24064059555530548
PA04,1,0,0.16889052093029022
PA04,0,0,0.35681504011154175
PA04,0,0,0.3881242275238037
PA04,0,0,0.32347169518470764
PA04,1,0,0.34074366092681885
PA04,0,0,0.47988760471343994
PA04,0,1,0.5247552990913391
PA04,1,0,0.4725421965122223
PA04,1,0,0.4640195071697235
PA04,1,0,0.49262306094169617
PA04,0,0,0.14685511589050293
PA04,0,0,0.35577288269996643
PA04,1,0,0.3590649664402008
PA04,0,0,0.291401207447052
PA04,1,0,0.3203567862510681
PA04,1,0,0.3770967721939087
PA04,0,0,0.12392333894968033
PA04,0,0,0.4794546663761139
PA04,0,0,0.3977098762989044
PA04,1,0,0.38738563656806946
PA04,0,0,0.207186758518219
PA04,1,0,0.12383782863616943
PA04,1,1,0.5006601810455322
PA04,0,0,0.09420282393693924
PA04,1,0,0.2637777626514435
PA04,1,0,0.36689573526382446
PA04,0,0,0.3093910813331604
PA04,0,0,0.2697414755821228
PA04,1,0,0.2016475647687912
PA04,0,0,0.33331888914108276
PA04,1,1,0.5619428753852844
PA04,1,0,0.2780805230140686
PA04,1,0,0.24930758774280548
PA04,1,0,0.17308777570724487
PA04,1,0,0.2825064957141876
PA04,0,1,0.5272798538208008
PA04,0,0,0.1254989057779312
PA04,1,0,0.34599798917770386
PA04,1,0,0.3378807306289673
PA04,0,0,0.20937174558639526
PA04,1,0,0.2309642881155014
PA05,1,0,0.3012622594833374
PA05,0,0,0.29632705450057983
PA05,0,0,0.2829432487487793
PA05,1,0,0.22060136497020721
PA05,0,0,0.4596306085586548
PA05,1,0,0.4140298664569855
PA05,1,0,0.3638504445552826
PA05,0,0,0.24677707254886627
PA05,1,0,0.4126032888889313
PA05,0,0,0.06648890674114227
PA05,1,0,0.37763673067092896
PA05,1,0,0.37356746196746826
PA05,1,0,0.35866403579711914
PA05,1,0,0.13534072041511536
PA05,0,0,0.39657506346702576
PA05,0,0,0.2577207088470459
PA05,0,0,0.21158531308174133
PA05,0,0,0.3945436179637909
PA05,1,0,0.3369884192943573
PA05,1,0,0.391865998506546
PA05,0,0,0.2959873378276825
PA05,1,0,0.3935781419277191
PA05,0,0,0.24551551043987274
PA05,1,0,0.3754037320613861
PA05,0,0,0.25552862882614136
PA05,1,0,0.49652010202407837
PA05,0,0,0.36705219745635986
PA05,0,0,0.37569189071655273
PA05,0,0,0.26451030373573303
PA05,1,0,0.23852446675300598
PA05,1,0,0.2942450940608978
PA05,0,0,0.212008535861969
PA05,1,0,0.34992337226867676
PA05,1,0,0.30079707503318787
PA05,0,0,0.21344250440597534
PA05,1,0,0.45046278834342957
PA05,0,0,0.39076846837997437
PA05,1,0,0.22560681402683258
PA05,1,0,0.17829622328281403
PA05,0,0,0.40082162618637085
PA05,0,0,0.43400493264198303
PA05,1,0,0.3503738343715668
PA05,1,0,0.056207627058029175
PA05,0,0,0.3926834464073181
PA05,0,0,0.38663873076438904
PA05,0,0,0.33768948912620544
PA05,1,0,0.15483596920967102
PA05,0,0,0.06654521822929382
PA05,1,0,0.2784061133861542
PA05,0,0,0.31281936168670654
PA06,0,1,0.5767476558685303
PA06,0,0,0.20914717018604279
PA06,0,0,0.05768495425581932
PA06,1,0,0.29055842757225037
PA06,1,0,0.4672461152076721
PA06,0,0,0.27541279792785645
PA06,0,0,0.31929829716682434
PA06,1,1,0.580651044845581
PA06,1,1,0.5507700443267822
PA06,1,0,0.3886139988899231
PA06,1,0,0.2957597076892853
PA06,0,0,0.17175234854221344
PA06,0,0,0.11252305656671524
PA06,1,0,0.2117164134979248
PA06,0,0,0.06934596598148346
PA06,0,0,0.21693065762519836
PA06,1,0,0.2029953896999359
PA06,1,0,0.49738720059394836
PA06,1,1,0.5694104433059692
PA06,0,0,0.1086893081665039
PA06,1,1,0.5570116639137268
PA06,0,0,0.2135573923587799
PA06,0,0,0.3531864583492279
PA06,0,0,0.2827285826206207
PA06,1,0,0.45482826232910156
PA06,1,0,0.12566202878952026
PA06,1,0,0.48065289855003357
PA06,1,0,0.47783932089805603
PA06,1,0,0.4826083779335022
PA06,1,0,0.4038533568382263
PA06,0,0,0.3577682077884674
PA06,0,0,0.15357409417629242
PA06,1,0,0.44462743401527405
PA06,0,0,0.07077968865633011
PA06,1,0,0.35029128193855286
PA06,1,0,0.35942769050598145
PA06,0,0,0.4744117259979248
PA06,0,0,0.254306435585022
PA06,0,0,0.4901379942893982
PA06,1,0,0.4786904454231262
PA06,1,0,0.3283710181713104
PA06,0,0,0.4163932204246521
PA06,1,0,0.4921473264694214
PA06,0,0,0.21639786660671234
PA06,1,0,0.4067549407482147
PA06,0,0,0.27740558981895447
PA06,0,0,0.23378463089466095
PA06,0,0,0.39995652437210083
PA06,0,0,0.2906128764152527
PA06,1,0,0.3714655637741089
PA07,1,1,0.5341626405715942
PA07,1,0,0.26649269461631775
PA07,1,0,0.45615747570991516
PA07,1,1,0.58292156457901
PA07,1,0,0.4109225273132324
PA07,0,0,0.2992655038833618
PA07,1,0,0.34470972418785095
PA07,0,0,0.44540339708328247
PA07,0,0,0.26868775486946106
PA07,0,0,0.06078285723924637
PA07,1,0,0.41160303354263306
PA07,0,0,0.36029887199401855
PA07,0,0,0.18558858335018158
PA07,0,0,0.2554251551628113
PA07,0,0,0.12764395773410797
PA07,1,1,0.5563133358955383
PA07,1,0,0.4462159276008606
PA07,0,0,0.32192981243133545
PA07,1,1,0.5321469902992249
PA07,0,0,0.4869295060634613
PA07,0,0,0.47078630328178406
PA07,1,0,0.41877931356430054
PA07,0,0,0.39745789766311646
PA07,1,1,0.5334388017654419
PA07,0,0,0.07525082677602768
PA07,0,0,0.39963990449905396
PA07,1,1,0.5572443604469299
PA07,0,0,0.07130227982997894
PA07,0,0,0.046519286930561066
PA07,0,1,0.5749144554138184
PA07,1,0,0.44523516297340393
PA07,0,0,0.23910890519618988
PA07,1,0,0.330159455537796
PA07,1,0,0.4529702663421631
PA07,1,0,0.3778515160083771
PA07,0,0,0.10424696654081345
PA07,1,1,0.6156534552574158
PA07,1,1,0.5806865096092224
PA07,0,0,0.03942839428782463
PA07,1,0,0.4853031635284424
PA07,0,0,0.15230922400951385
PA07,1,1,0.5202363133430481
PA07,1,0,0.42297229170799255
PA07,1,0,0.39865657687187195
PA07,1,0,0.324440598487854
PA07,0,0,0.450318306684494
PA07,0,0,0.06517629325389862
PA07,0,0,0.44214746356010437
PA07,0,0,0.4014776051044464
PA07,1,0,0.44415876269340515
PA08,0,0,0.4605685770511627
PA08,0,0,0.16790439188480377
PA08,0,0,0.2269599884748459
PA08,0,0,0.17661523818969727
PA08,1,0,0.2381093055009842
PA08,1,0,0.20763954520225525
PA08,0,0,0.20834915339946747
PA08,0,0,0.2732701897621155
PA08,0,0,0.1424914002418518
PA08,0,0,0.19556565582752228
PA08,1,0,0.40661218762397766
PA08,1,0,0.4831025004386902
PA08,0,0,0.32866740226745605
PA08,0,0,0.16713972389698029
PA08,1,0,0.3214781880378723
PA08,1,0,0.44260698556900024
PA08,1,0,0.02989644929766655
PA08,0,0,0.22775518894195557
PA08,1,0,0.4081345498561859
PA08,0,0,0.13244549930095673
PA08,0,0,0.15555596351623535
PA08,1,0,0.22365820407867432
PA08,1,0,0.4340026378631592
PA08,0,0,0.16128738224506378
PA08,1,0,0.36357933282852173
PA08,1,0,0.2633967995643616
PA08,1,0,0.4366051256656647
PA08,1,0,0.27652624249458313
PA08,1,0,0.3878111243247986
PA08,1,0,0.060319773852825165
PA08,0,0,0.17436856031417847
PA08,0,0,0.11241351068019867
PA08,1,0,0.19886404275894165
PA08,0,0,0.1708293855190277
PA08,0,0,0.3317655026912689
PA08,0,0,0.18526138365268707
PA08,1,0,0.415158748626709
PA08,0,0,0.12659507989883423
PA08,1,0,0.3870670199394226
PA08,1,0,0.3302701413631439
PA08,1,0,0.3133434057235718
PA08,1,0,0.3339540660381317
PA08,0,0,0.018390066921710968
PA08,0,0,0.2836112380027771
PA08,0,0,0.17939870059490204
PA08,1,0,0.4059940576553345
PA08,1,0,0.07543434947729111
PA08,0,0,0.2172345072031021
PA08,1,0,0.31859394907951355
PA08,0,0,0.16019834578037262
PA10,1,0,0.4412972927093506
PA10,0,0,0.3971850872039795
PA10,1,0,0.4160042703151703
PA10,0,0,0.4997883141040802
PA10,0,0,0.37993624806404114
PA10,1,0,0.35740259289741516
PA10,1,1,0.5253873467445374
PA10,1,0,0.4942392408847809
PA10,0,0,0.31640395522117615
PA10,0,0,0.09375500679016113
PA10,0,0,0.13621926307678223
PA10,0,1,0.5078666806221008
PA10,1,0,0.48611778020858765
PA10,1,1,0.6035434603691101
PA10,0,0,0.10517096519470215
PA10,1,1,0.5078426599502563
PA10,1,0,0.4919149577617645
PA10,0,0,0.1860916167497635
PA10,0,0,0.34263136982917786
PA10,1,1,0.5975549817085266
PA10,1,0,0.4527451992034912
PA10,1,0,0.38028210401535034
PA10,0,1,0.5357814431190491
PA10,0,1,0.5168743133544922
PA10,1,0,0.2529997229576111
PA10,0,0,0.40865132212638855
PA10,0,0,0.37304064631462097
PA10,0,0,0.33488228917121887
PA10,0,0,0.28239163756370544
PA10,1,0,0.38703837990760803
PA10,0,0,0.34961873292922974
PA10,1,0,0.3798665702342987
PA10,1,1,0.5501577854156494
PA10,1,0,0.39783263206481934
PA10,1,0,0.2842518091201782
PA10,0,0,0.48209348320961
PA10,1,0,0.47967955470085144
PA10,0,0,0.30863600969314575
PA10,0,1,0.5739970207214355
PA10,1,0,0.4315702021121979
PA10,0,0,0.21611367166042328
PA10,0,0,0.3784749507904053
PA10,1,0,0.4044192433357239
PA10,0,0,0.3847346007823944
PA10,1,0,0.3784172832965851
PA10,0,1,0.6784898042678833
PA10,1,0,0.3223719596862793
PA10,1,0,0.389568030834198
PA10,1,0,0.36924564838409424
PA10,0,0,0.46173542737960815
PA11,0,1,0.5652064681053162
PA11,1,0,0.4386451542377472
PA11,1,0,0.2795647382736206
PA11,0,1,0.5272258520126343
PA11,0,0,0.27886784076690674
PA11,1,1,0.5383970737457275
PA11,1,0,0.12888699769973755
PA11,1,1,0.5886791348457336
PA11,0,0,0.41067859530448914
PA11,1,0,0.33339956402778625
PA11,1,0,0.46022361516952515
PA11,1,1,0.5537376403808594
PA11,1,0,0.4043096899986267
PA11,1,1,0.5266990065574646
PA11,0,0,0.4210551977157593
PA11,1,0,0.42535990476608276
PA11,1,0,0.42381173372268677
PA11,0,0,0.39046958088874817
PA11,1,0,0.2069351226091385
PA11,1,0,0.44589662551879883
PA11,1,0,0.35572290420532227
PA11,0,0,0.39793914556503296
PA11,1,0,0.32961079478263855
PA11,0,0,0.3498656749725342
PA11,0,0,0.49242642521858215
PA11,1,1,0.526600182056427
PA11,0,1,0.5769245028495789
PA11,1,0,0.4632064700126648
PA11,0,0,0.2041446417570114
PA11,1,1,0.5048998594284058
PA11,0,0,0.4979746341705322
PA11,0,0,0.4710150361061096
PA11,1,0,0.4184449315071106
PA11,0,0,0.4536473751068115
PA11,1,0,0.24213029444217682
PA11,0,0,0.461056113243103
PA11,0,0,0.1693028211593628
PA11,1,0,0.4351200461387634
PA11,1,0,0.29014575481414795
PA11,0,0,0.41535085439682007
PA11,0,0,0.4018229842185974
PA11,0,1,0.5653007626533508
PA11,1,0,0.49052694439888
PA11,0,1,0.509120523929596
PA11,0,0,0.36554110050201416
PA11,0,1,0.5300729274749756
PA11,0,0,0.39812520146369934
PA11,1,0,0.4561491310596466
PA11,0,0,0.3985213041305542
PA11,0,0,0.4042333960533142
PA12,0,0,0.4285302460193634
PA12,1,1,0.7021514177322388
PA12,0,0,0.2602819800376892
PA12,0,0,0.21007545292377472
PA12,1,0,0.35723555088043213
PA12,1,0,0.3475499153137207
PA12,0,0,0.36778491735458374
PA12,1,0,0.4066462218761444
PA12,1,0,0.4194223880767822
PA12,1,0,0.4559032917022705
PA12,0,0,0.40070024132728577
PA12,1,0,0.3836676776409149
PA12,0,0,0.292476624250412
PA12,1,0,0.3351704776287079
PA12,0,0,0.08166806399822235
PA12,0,0,0.3707951307296753
PA12,0,0,0.4305388927459717
PA12,0,0,0.2266118824481964
PA12,1,0,0.29629582166671753
PA12,0,0,0.3342663049697876
PA12,0,0,0.3748329281806946
PA12,0,0,0.3455825746059418
PA12,0,0,0.2401195764541626
PA12,1,0,0.3055208921432495
PA12,1,0,0.30443674325942993
PA12,1,0,0.37615200877189636
PA12,1,0,0.2367260903120041
PA12,1,0,0.45883339643478394
PA12,1,0,0.36001965403556824
PA12,1,0,0.38003745675086975
PA12,1,0,0.3205620348453522
PA12,0,0,0.3343515992164612
PA12,1,0,0.35819464921951294
PA12,0,0,0.28806543350219727
PA12,0,0,0.25854551792144775
PA12,1,0,0.44453826546669006
PA12,1,0,0.3859064280986786
PA12,1,0,0.05633653327822685
PA12,0,0,0.4650476574897766
PA12,0,0,0.3678252398967743
PA12,0,0,0.13513502478599548
PA12,0,0,0.39769864082336426
PA12,0,0,0.39663755893707275
PA12,1,0,0.43638336658477783
PA12,1,0,0.30881598591804504
PA12,1,0,0.3199707269668579
PA12,0,0,0.3376910388469696
PA12,1,0,0.42207908630371094
PA12,0,0,0.14503580331802368
PA12,0,0,0.35964760184288025
PA13,1,0,0.2829899489879608
PA13,1,0,0.17116805911064148
PA13,0,0,0.20967932045459747
PA13,0,0,0.2926410734653473
PA13,0,0,0.04595537856221199
PA13,0,1,0.5040963888168335
PA13,0,0,0.34743914008140564
PA13,0,0,0.22743858397006989
PA13,1,0,0.4095005989074707
PA13,1,0,0.4318448603153229
PA13,1,0,0.2365545928478241
PA13,0,0,0.22555144131183624
PA13,1,0,0.3773871064186096
PA13,0,0,0.38261935114860535
PA13,0,0,0.40475866198539734
PA13,1,0,0.4647209942340851
PA13,0,0,0.264035165309906
PA13,1,0,0.2950744032859802
PA13,0,0,0.01988246478140354
PA13,1,0,0.07004401832818985
PA13,0,0,0.21737289428710938
PA13,1,0,0.4439701437950134
PA13,1,0,0.2518637180328369
PA13,1,1,0.5420824885368347
PA13,0,0,0.2858368456363678
PA13,0,0,0.42367640137672424
PA13,0,0,0.0658612921833992
PA13,0,0,0.32577741146087646
PA13,0,0,0.47994449734687805
PA13,1,0,0.20025242865085602
PA13,0,0,0.3133809566497803
PA13,1,0,0.47366225719451904
PA13,0,0,0.35983169078826904
PA13,1,1,0.5661020874977112
PA13,0,0,0.20411306619644165
PA13,1,1,0.6072335243225098
PA13,1,0,0.1870366334915161
PA13,1,0,0.3423490822315216
PA13,1,0,0.46252211928367615
PA13,1,1,0.500176191329956
PA13,1,1,0.5454096794128418
PA13,0,0,0.10950887948274612
PA13,0,0,0.31884053349494934
PA13,1,0,0.48469114303588867
PA13,1,0,0.495246022939682
PA13,1,0,0.4748374819755554
PA13,0,0,0.22756563127040863
PA13,1,0,0.37818628549575806
PA13,0,0,0.21318474411964417
PA13,0,0,0.42071831226348877
PA14,1,0,0.4227119982242584
PA14,0,0,0.4560154378414154
PA14,0,0,0.30955126881599426
PA14,0,0,0.38787057995796204
PA14,1,0,0.46662312746047974
PA14,0,1,0.6187386512756348
PA14,1,1,0.5330849289894104
PA14,0,0,0.2781756818294525
PA14,0,1,0.5796822905540466
PA14,1,0,0.3671495020389557
PA14,0,0,0.2567988336086273
PA14,0,1,0.5262315273284912
PA14,1,0,0.3794530928134918
PA14,1,0,0.4137859344482422
PA14,1,0,0.16671286523342133
PA14,1,0,0.2132895290851593
PA14,0,0,0.34565383195877075
PA14,1,0,0.43399161100387573
PA14,1,0,0.19222252070903778
PA14,0,0,0.20668333768844604
PA14,1,0,0.3091532588005066
PA14,0,0,0.4728843867778778
PA14,0,0,0.2199062556028366
PA14,0,1,0.5172126889228821
PA14,1,1,0.5155983567237854
PA14,0,0,0.39213836193084717
PA14,0,1,0.5676351189613342
PA14,1,0,0.29032930731773376
PA14,1,0,0.33984866738319397
PA14,0,0,0.4778198003768921
PA14,0,1,0.5141107439994812
PA14,0,0,0.18571597337722778
PA14,0,0,0.47452354431152344
PA14,1,0,0.3665369749069214
PA14,1,1,0.5400499701499939
PA14,1,0,0.43513497710227966
PA14,1,0,0.38622137904167175
PA14,0,0,0.136119544506073
PA14,1,0,0.42928609251976013
PA14,0,1,0.5549706816673279
PA14,0,0,0.4881201386451721
PA14,1,1,0.5212501287460327
PA14,1,0,0.4936911165714264
PA14,0,0,0.25596609711647034
PA14,1,0,0.3647978901863098
PA14,0,0,0.24660959839820862
PA14,0,0,0.4592539668083191
PA14,1,1,0.5003239512443542
PA14,1,0,0.22784699499607086
PA14,1,1,0.5771710276603699
PA15,0,0,0.19890400767326355
PA15,1,0,0.3905951678752899
PA15,0,0,0.19535033404827118
PA15,1,0,0.3466724455356598
PA15,0,0,0.3338469862937927
PA15,0,0,0.33724445104599
PA15,0,0,0.3933242857456207
PA15,1,0,0.36342859268188477
PA15,0,0,0.09376271069049835
PA15,1,0,0.17927847802639008
PA15,0,0,0.34658995270729065
PA15,1,0,0.49200236797332764
PA15,1,0,0.449453741312027
PA15,0,0,0.4069197475910187
PA15,0,0,0.37510666251182556
PA15,1,0,0.4358835518360138
PA15,0,0,0.2761378586292267
PA15,1,1,0.5041694641113281
PA15,1,0,0.39343246817588806
PA15,0,1,0.6211358904838562
PA15,0,0,0.07813306897878647
PA15,1,0,0.23476426303386688
PA15,1,0,0.2360941469669342
PA15,0,0,0.35335278511047363
PA15,0,0,0.36524853110313416
PA15,1,0,0.3910597562789917
PA15,0,0,0.30097997188568115
PA15,1,0,0.2671075463294983
PA15,0,0,0.2908436059951782
PA15,0,0,0.052792198956012726
PA15,1,0,0.07839473336935043
PA15,1,0,0.4026646018028259
PA15,0,0,0.3027797341346741
PA15,1,0,0.1461876928806305
PA15,0,0,0.3798469007015228
PA15,0,0,0.35177522897720337
PA15,1,1,0.5381488800048828
PA15,0,0,0.040738433599472046
PA15,0,0,0.2481255829334259
PA15,0,0,0.20892401039600372
PA15,1,0,0.2609085738658905
PA15,1,0,0.28320151567459106
PA15,1,0,0.35121843218803406
PA15,1,0,0.2080790400505066
PA15,1,0,0.41225340962409973
PA15,1,0,0.336835116147995
PA15,0,0,0.34513992071151733
PA15,0,0,0.021041104570031166
PA15,1,0,0.4307216703891754
PA15,1,0,0.3404080867767334
PA16,0,0,0.2920728325843811
PA16,1,0,0.46067267656326294
PA16,0,0,0.4286729395389557
PA16,1,0,0.46157872676849365
PA16,0,0,0.35386550426483154
PA16,1,0,0.11826463788747787
PA16,1,0,0.27391257882118225
PA16,0,0,0.25406405329704285
PA16,0,0,0.08453309535980225
PA16,1,0,0.3711622953414917
PA16,1,1,0.5226716995239258
PA16,1,0,0.2531636655330658
PA16,1,0,0.28408172726631165
PA16,0,0,0.4728858470916748
PA16,0,0,0.36599957942962646
PA16,0,0,0.24777713418006897
PA16,1,1,0.5322607755661011
PA16,1,0,0.06871606409549713
PA16,1,0,0.3563607335090637
PA16,1,0,0.11093199253082275
PA16,0,0,0.3843809962272644
PA16,0,0,0.4936388432979584
PA16,1,1,0.6136773824691772
PA16,1,0,0.3101782500743866
PA16,1,0,0.36743101477622986
PA16,1,0,0.25327068567276
PA16,1,0,0.34041497111320496
PA16,0,0,0.20122291147708893
PA16,1,0,0.10671166330575943
PA16,1,0,0.4277426302433014
PA16,0,0,0.32122939825057983
PA16,0,0,0.17587731778621674
PA16,1,0,0.2342047542333603
PA16,0,0,0.48899245262145996
PA16,0,0,0.017137430608272552
PA16,1,0,0.42135193943977356
PA16,0,0,0.022520696744322777
PA16,0,0,0.30869734287261963
PA16,0,0,0.20057980716228485
PA16,1,0,0.403067946434021
PA16,0,0,0.4078906774520874
PA16,0,0,0.3637482523918152
PA16,0,0,0.382968008518219
PA16,1,0,0.34365564584732056
PA16,0,0,0.11630867421627045
PA16,0,0,0.4153344929218292
PA16,1,0,0.2863200008869171
PA16,1,0,0.3044160008430481
PA16,0,0,0.42116037011146545
PA16,0,0,0.37178120017051697
PA17,1,0,0.33507466316223145
PA17,1,0,0.2897873818874359
PA17,0,0,0.13687345385551453
PA17,0,0,0.4306217432022095
PA17,0,0,0.26066845655441284
PA17,1,0,0.16102606058120728
PA17,1,0,0.33152374625205994
PA17,1,0,0.4701519012451172
PA17,1,0,0.2913416922092438
PA17,0,1,0.5300555229187012
PA17,1,0,0.39123645424842834
PA17,0,0,0.04388178139925003
PA17,1,0,0.4417226016521454
PA17,0,0,0.24142594635486603
PA17,1,0,0.438849538564682
PA17,0,0,0.3002472519874573
PA17,0,0,0.04950887709856033
PA17,0,0,0.34047672152519226
PA17,0,0,0.08989500999450684
PA17,1,0,0.25056686997413635
PA17,0,0,0.30499130487442017
PA17,0,0,0.03206248953938484
PA17,1,0,0.36373576521873474
PA17,0,0,0.07196332514286041
PA17,1,0,0.24370412528514862
PA17,1,0,0.2939465045928955
PA17,0,0,0.2815017104148865
PA17,0,0,0.20239555835723877
PA17,0,0,0.31798073649406433
PA17,0,0,0.3828701376914978
PA17,1,0,0.46186065673828125
PA17,1,0,0.40401768684387207
PA17,1,0,0.40482085943222046
PA17,1,0,0.4653583765029907
PA17,1,0,0.3550570607185364
PA17,1,0,0.4348677694797516
PA17,0,0,0.3480835258960724
PA17,1,0,0.03339158743619919
PA17,0,0,0.35571834444999695
PA17,0,0,0.1176903173327446
PA17,1,0,0.34556442499160767
PA17,0,0,0.06339172273874283
PA17,1,0,0.48926690220832825
PA17,0,0,0.30469295382499695
PA17,1,0,0.42285895347595215
PA17,0,0,0.09263540059328079
PA17,0,0,0.09735789895057678
PA17,1,0,0.20726507902145386
PA17,0,0,0.2956395447254181
PA17,1,0,0.0654863640666008
PA18,1,0,0.32117295265197754
PA18,0,0,0.08031271398067474
PA18,1,0,0.3811819851398468
PA18,1,0,0.14464056491851807
PA18,1,0,0.3504769504070282
PA18,0,1,0.5233681797981262
PA18,0,0,0.3310348093509674
PA18,1,0,0.4343971312046051
PA18,0,0,0.30326250195503235
PA18,0,0,0.4434778094291687
PA18,1,1,0.6215327978134155
PA18,1,0,0.19005832076072693
PA18,1,0,0.3185441195964813
PA18,0,0,0.17213408648967743
PA18,1,0,0.4127243459224701
PA18,0,0,0.03110112063586712
PA18,0,0,0.4044312536716461
PA18,1,0,0.2880485951900482
PA18,1,0,0.28555402159690857
PA18,0,0,0.24732044339179993
PA18,1,0,0.20547477900981903
PA18,0,0,0.044259633868932724
PA18,1,0,0.29579126834869385
PA18,0,0,0.3664758801460266
PA18,0,0,0.14793747663497925
PA18,0,0,0.09395230561494827
PA18,0,0,0.29216933250427246
PA18,0,0,0.3410775363445282
PA18,0,0,0.28590452671051025
PA18,1,0,0.29921838641166687
PA18,1,0,0.33558201789855957
PA18,1,0,0.24913696944713593
PA18,0,0,0.117164745926857
PA18,0,0,0.28463855385780334
PA18,1,0,0.29816824197769165
PA18,1,0,0.28289294242858887
PA18,1,0,0.4260636270046234
PA18,0,0,0.30893686413764954
PA18,0,0,0.12431421875953674
PA18,0,0,0.1355486512184143
PA18,1,0,0.3374241590499878
PA18,1,0,0.28622105717658997
PA18,0,0,0.34495821595191956
PA18,0,0,0.021635808050632477
PA18,1,0,0.2623046040534973
PA18,1,0,0.13373364508152008
PA18,0,0,0.32655102014541626
PA18,1,0,0.27884840965270996
PA18,1,0,0.4853443205356598
PA18,0,0,0.07353290170431137
PA19,0,0,0.2284848839044571
PA19,0,0,0.16536174714565277
PA19,1,0,0.3248898983001709
PA19,1,0,0.36164590716362
PA19,1,0,0.2358904480934143
PA19,0,0,0.21870402991771698
PA19,0,0,0.3188609182834625
PA19,0,0,0.14918459951877594
PA19,0,0,0.19504190981388092
PA19,1,0,0.20361624658107758
PA19,1,0,0.45666831731796265
PA19,1,0,0.31122779846191406
PA19,1,0,0.30615031719207764
PA19,1,0,0.2542003393173218
PA19,1,0,0.2215445190668106
PA19,0,0,0.4329548180103302
PA19,0,0,0.3252025246620178
PA19,1,0,0.3494258224964142
PA19,0,0,0.32595905661582947
PA19,0,0,0.48395684361457825
PA19,1,0,0.33180370926856995
PA19,1,0,0.4282458424568176
PA19,1,0,0.398409366607666
PA19,0,0,0.4425510764122009
PA19,1,0,0.30831634998321533
PA19,0,0,0.4240986108779907
PA19,0,0,0.16117225587368011
PA19,1,0,0.24812881648540497
PA19,1,0,0.3909423053264618
PA19,0,0,0.46373510360717773
PA19,1,0,0.42345568537712097
PA19,0,0,0.12607163190841675
PA19,1,0,0.4681814908981323
PA19,0,0,0.259836882352829
PA19,0,0,0.20041990280151367
PA19,0,0,0.2309705913066864
PA19,1,0,0.3784036636352539
PA19,0,0,0.3585779368877411
PA19,1,0,0.34692734479904175
PA19,1,0,0.3618054986000061
PA19,1,0,0.25450021028518677
PA19,1,0,0.3617999255657196
PA19,0,1,0.5076777338981628
PA19,0,0,0.460005521774292
PA19,1,0,0.3938034772872925
PA19,1,0,0.3843725621700287
PA19,0,0,0.46384185552597046
PA19,0,0,0.23316985368728638
PA19,0,0,0.32324254512786865
PA19,0,0,0.2976987659931183
PA20,0,0,0.33068451285362244
PA20,0,1,0.5046749711036682
PA20,0,0,0.30470606684684753
PA20,0,1,0.5191272497177124
PA20,1,0,0.4055863916873932
PA20,0,0,0.47885462641716003
PA20,0,0,0.4329235553741455
PA20,1,0,0.3722376525402069
PA20,1,0,0.1362837553024292
PA20,1,1,0.565657377243042
PA20,0,0,0.20619508624076843
PA20,1,0,0.48098719120025635
PA20,0,0,0.4343956708908081
PA20,0,0,0.4072565734386444
PA20,1,1,0.51764976978302
PA20,0,0,0.051579948514699936
PA20,0,0,0.3242064416408539
PA20,0,0,0.29834258556365967
PA20,1,0,0.34270307421684265
PA20,0,0,0.1524060219526291
PA20,1,0,0.3444816768169403
PA20,0,0,0.38685381412506104
PA20,1,0,0.33444076776504517
PA20,0,0,0.41783034801483154
PA20,1,0,0.45216983556747437
PA20,0,0,0.3287258744239807
PA20,0,0,0.44967788457870483
PA20,0,0,0.4593598544597626
PA20,1,0,0.4340446889400482
PA20,1,0,0.48496100306510925
PA20,0,0,0.30388474464416504
PA20,1,0,0.4683774411678314
PA20,0,0,0.2662379741668701
PA20,1,0,0.3207387924194336
PA20,1,0,0.4797258973121643
PA20,1,0,0.1015157699584961
PA20,0,0,0.36701127886772156
PA20,0,0,0.18047739565372467
PA20,1,0,0.3341319262981415
PA20,1,0,0.49553126096725464
PA20,1,0,0.44396111369132996
PA20,0,0,0.3685972988605499
PA20,0,0,0.33008265495300293
PA20,1,1,0.5103318095207214
PA20,1,0,0.07168010622262955
PA20,1,0,0.3780338168144226
PA20,1,0,0.34017959237098694
PA20,0,0,0.4308379888534546
PA20,1,0,0.078300341963768
PA20,1,0,0.2471281886100769
PA21,1,1,0.5341087579727173
PA21,0,0,0.030920282006263733
PA21,0,0,0.20246842503547668
PA21,1,0,0.21178004145622253
PA21,1,0,0.35986047983169556
PA21,1,0,0.40078315138816833
PA21,1,0,0.39102575182914734
PA21,0,0,0.02886958420276642
PA21,1,0,0.4725654721260071
PA21,1,0,0.2375156730413437
PA21,1,0,0.29706332087516785
PA21,0,0,0.29333314299583435
PA21,0,0,0.0529191717505455
PA21,0,0,0.26753589510917664
PA21,0,0,0.3120134770870209
PA21,0,0,0.3003191649913788
PA21,0,0,0.31847670674324036
PA21,0,0,0.30112919211387634
PA21,1,0,0.2517039179801941
PA21,0,0,0.2997165322303772
PA21,0,0,0.23178349435329437
PA21,1,0,0.32812434434890747
PA21,0,0,0.27295395731925964
PA21,1,0,0.3211134672164917
PA21,1,0,0.2666298449039459
PA21,0,0,0.31597065925598145
PA21,0,0,0.1481768637895584
PA21,1,0,0.2827219069004059
PA21,1,0,0.3688855767250061
PA21,0,0,0.305534303188324
PA21,1,0,0.21969860792160034
PA21,1,0,0.46938472986221313
PA21,0,0,0.18541675806045532
PA21,0,0,0.36922457814216614
PA21,1,0,0.2091182917356491
PA21,1,0,0.3629063665866852
PA21,1,0,0.46157562732696533
PA21,1,0,0.318188339471817
PA21,0,0,0.30130860209465027
PA21,0,0,0.0348103828728199
PA21,1,0,0.3717205226421356
PA21,1,0,0.2614200711250305
PA21,0,0,0.32232680916786194
PA21,1,0,0.43596288561820984
PA21,0,0,0.18352250754833221
PA21,0,0,0.25638458132743835
PA21,1,0,0.3550434410572052
PA21,0,0,0.20720401406288147
PA21,1,1,0.5290305018424988
PA21,0,0,0.08845672756433487
PA22,1,0,0.1126914992928505
PA22,1,0,0.1665523499250412
PA22,1,0,0.2865493595600128
PA22,0,0,0.2942717969417572
PA22,0,0,0.14783959090709686
PA22,0,0,0.26324477791786194
PA22,0,0,0.37816154956817627
PA22,1,1,0.589516282081604
PA22,1,0,0.19863927364349365
PA22,1,1,0.5000555515289307
PA22,1,0,0.16743825376033783
PA22,0,0,0.26735952496528625
PA22,0,0,0.3059608042240143
PA22,0,0,0.341208815574646
PA22,0,0,0.273193895816803
PA22,1,0,0.2640293538570404
PA22,1,0,0.23246656358242035
PA22,0,0,0.2970014810562134
PA22,0,0,0.21225352585315704
PA22,1,0,0.47207868099212646
PA22,1,0,0.35887670516967773
PA22,1,0,0.2693009674549103
PA22,0,0,0.15387143194675446
PA22,0,0,0.16971153020858765
PA22,1,0,0.3724996745586395
PA22,1,0,0.4752490818500519
PA22,0,0,0.19581128656864166
PA22,0,0,0.20909932255744934
PA22,0,0,0.03790682554244995
PA22,1,0,0.28092628717422485
PA22,0,0,0.2883091866970062
PA22,1,0,0.33000972867012024
PA22,1,0,0.40548014640808105
PA22,1,0,0.1462332159280777
PA22,0,0,0.30220359563827515
PA22,0,0,0.049741387367248535
PA22,0,0,0.2830972373485565
PA22,1,0,0.32970982789993286
PA22,0,0,0.2508181631565094
PA22,0,0,0.3811480402946472
PA22,0,0,0.37639909982681274
PA22,0,0,0.29812857508659363
PA22,1,0,0.4757966101169586
PA22,0,0,0.23349633812904358
PA22,1,0,0.3022547960281372
PA22,1,0,0.25204741954803467
PA22,0,0,0.19858278334140778
PA22,1,0,0.09812597930431366
PA22,1,0,0.4014160633087158
PA22,1,0,0.30048030614852905
PA24,0,0,0.48695826530456543
PA24,1,0,0.3383113145828247
PA24,1,1,0.5016928911209106
PA24,1,0,0.48350903391838074
PA24,0,0,0.06390504539012909
PA24,1,0,0.3301820456981659
PA24,0,0,0.07000073790550232
PA24,0,0,0.41147834062576294
PA24,0,0,0.032411348074674606
PA24,0,1,0.5626459121704102
PA24,0,0,0.4341081976890564
PA24,0,0,0.4886097311973572
PA24,1,0,0.29507312178611755
PA24,1,0,0.2913617491722107
PA24,0,0,0.21110498905181885
PA24,1,0,0.27534374594688416
PA24,0,0,0.12589822709560394
PA24,1,0,0.40204164385795593
PA24,1,0,0.4050378203392029
PA24,1,0,0.3233574628829956
PA24,1,0,0.3323632478713989
PA24,1,0,0.36562955379486084
PA24,1,0,0.3932383060455322
PA24,0,0,0.35929203033447266
PA24,0,1,0.5288423895835876
PA24,0,0,0.30043673515319824
PA24,1,0,0.4123350977897644
PA24,0,0,0.144148588180542
PA24,1,0,0.30434155464172363
PA24,0,0,0.41088512539863586
PA24,0,0,0.19799469411373138
PA24,1,0,0.3543206751346588
PA24,1,0,0.23674120008945465
PA24,1,1,0.5420516133308411
PA24,0,0,0.48832324147224426
PA24,0,0,0.49999308586120605
PA24,0,1,0.6019483804702759
PA24,0,0,0.29769331216812134
PA24,1,1,0.5053648948669434
PA24,0,0,0.03057725727558136
PA24,1,0,0.3088485300540924
PA24,0,0,0.06216076388955116
PA24,1,0,0.22963151335716248
PA24,1,0,0.43025705218315125
PA24,0,0,0.431645005941391
PA24,0,0,0.3077634274959564
PA24,1,1,0.5357725024223328
PA24,1,1,0.5180539488792419
PA24,0,0,0.4193551540374756
PA24,1,0,0.3589605391025543
PB01,1,1,0.5148801207542419
PB01,0,0,0.23838531970977783
PB01,1,0,0.36221224069595337
PB01,1,0,0.33093178272247314
PB01,1,0,0.3098020851612091
PB01,1,0,0.25299638509750366
PB01,0,0,0.02595268003642559
PB01,1,0,0.22546254098415375
PB01,0,0,0.2548729181289673
PB01,1,0,0.3624970614910126
PB01,1,0,0.2671252191066742
PB01,1,0,0.45294198393821716
PB01,0,0,0.20323123037815094
PB01,1,0,0.4035150408744812
PB01,0,0,0.05457613244652748
PB01,0,0,0.35002681612968445
PB01,0,0,0.49277034401893616
PB01,1,0,0.21221500635147095
PB01,1,0,0.3966408371925354
PB01,0,0,0.31020641326904297
PB01,0,0,0.08633052557706833
PB01,0,0,0.12898840010166168
PB01,0,0,0.31824564933776855
PB01,0,0,0.4449097514152527
PB01,0,0,0.3159906566143036
PB01,0,0,0.30503663420677185
PB01,0,0,0.033904239535331726
PB01,1,0,0.15462949872016907
PB01,1,1,0.5129537582397461
PB01,1,0,0.43482398986816406
PB01,0,0,0.027240194380283356
PB01,1,1,0.5196170210838318
PB01,1,0,0.33023977279663086
PB01,0,0,0.030105071142315865
PB01,1,0,0.24741962552070618
PB01,0,0,0.05812709033489227
PB01,0,0,0.08079876750707626
PB01,0,0,0.2354203462600708
PB01,0,0,0.48540815711021423
PB01,0,0,0.1300506740808487
PB01,1,0,0.41315051913261414
PB01,0,0,0.2108127325773239
PB01,1,0,0.19748170673847198
PB01,1,0,0.45904430747032166
PB01,0,0,0.08084303140640259
PB01,1,0,0.31567877531051636
PB01,1,0,0.4850410223007202
PB01,1,0,0.29611361026763916
PB01,0,0,0.14030268788337708
PB01,1,0,0.16928909718990326
PB02,1,0,0.34659260511398315
PB02,0,0,0.3705787658691406
PB02,0,0,0.43236681818962097
PB02,0,0,0.1925850808620453
PB02,1,0,0.490342915058136
PB02,0,0,0.35003241896629333
PB02,1,0,0.4095314145088196
PB02,0,0,0.38759806752204895
PB02,0,0,0.19220812618732452
PB02,1,0,0.27758878469467163
PB02,1,0,0.23511473834514618
PB02,0,0,0.40217068791389465
PB02,1,1,0.6505892276763916
PB02,0,0,0.15121977031230927
PB02,0,0,0.4160892069339752
PB02,0,0,0.4625306725502014
PB02,1,0,0.46738117933273315
PB02,0,0,0.27913665771484375
PB02,1,0,0.3121662437915802
PB02,1,1,0.7122937440872192
PB02,1,0,0.2976568937301636
PB02,0,0,0.2508474886417389
PB02,0,0,0.30311810970306396
PB02,0,0,0.36586517095565796
PB02,0,0,0.4467465877532959
PB02,1,0,0.17101837694644928
PB02,1,1,0.5060680508613586
PB02,1,0,0.4909510612487793
PB02,0,0,0.3608464300632477
PB02,0,0,0.31522488594055176
PB02,1,1,0.5830763578414917
PB02,1,0,0.24296022951602936
PB02,1,0,0.38618531823158264
PB02,1,0,0.46608370542526245
PB02,0,0,0.3121267855167389
PB02,0,0,0.22361063957214355
PB02,1,0,0.45308345556259155
PB02,0,0,0.2739761769771576
PB02,0,0,0.2979329824447632
PB02,1,0,0.3116048276424408
PB02,0,0,0.19208092987537384
PB02,1,0,0.31055206060409546
PB02,1,1,0.6187003254890442
PB02,0,0,0.31867778301239014
PB02,1,0,0.4736376106739044
PB02,1,0,0.18710929155349731
PB02,0,0,0.28494060039520264
PB02,1,0,0.46868738532066345
PB02,1,0,0.22286492586135864
PB02,0,0,0.35505667328834534
PB03,0,1,0.5156320929527283
PB03,1,0,0.3658728301525116
PB03,0,0,0.42535001039505005
PB03,0,1,0.6084462404251099
PB03,1,0,0.3986387550830841
PB03,1,0,0.3572935163974762
PB03,1,0,0.38807323575019836
PB03,0,0,0.34838205575942993
PB03,1,1,0.5043286681175232
PB03,1,1,0.5010856986045837
PB03,1,0,0.3393505811691284
PB03,0,1,0.5226249694824219
PB03,1,0,0.31926029920578003
PB03,1,0,0.39007195830345154
PB03,0,0,0.34159621596336365
PB03,0,0,0.2637768089771271
PB03,1,0,0.39294975996017456
PB03,0,0,0.04624644294381142
PB03,0,0,0.03306405618786812
PB03,1,1,0.5670524835586548
PB03,0,0,0.3418170213699341
PB03,1,0,0.4531140923500061
PB03,1,0,0.23475933074951172
PB03,1,0,0.47341468930244446
PB03,0,0,0.4925805330276489
PB03,0,0,0.44609013199806213
PB03,0,0,0.2749873995780945
PB03,1,0,0.3939343988895416
PB03,1,0,0.38339972496032715
PB03,0,0,0.2542743980884552
PB03,0,0,0.07748908549547195
PB03,1,0,0.403629869222641
PB03,1,1,0.5532974004745483
PB03,0,0,0.48993945121765137
PB03,1,0,0.2668691575527191
PB03,0,0,0.24328650534152985
PB03,0,0,0.3265758156776428
PB03,1,0,0.3786435127258301
PB03,1,1,0.5871391296386719
PB03,0,0,0.4302038550376892
PB03,1,1,0.5824832916259766
PB03,0,0,0.4701091945171356
PB03,0,0,0.2827408015727997
PB03,1,0,0.20082727074623108
PB03,0,0,0.3897280693054199
PB03,0,1,0.5331937074661255
PB03,0,0,0.2433190792798996
PB03,1,0,0.2939855456352234
PB03,1,0,0.48516109585762024
PB03,0,1,0.5245392322540283
PB04,1,0,0.17127960920333862
PB04,0,0,0.17438510060310364
PB04,0,0,0.3179261088371277
PB04,0,0,0.26097312569618225
PB04,0,0,0.47526437044143677
PB04,0,0,0.2605558931827545
PB04,1,0,0.4234137535095215
PB04,1,0,0.2382521629333496
PB04,0,0,0.29355183243751526
PB04,0,0,0.3575102388858795
PB04,1,0,0.409515380859375
PB04,1,0,0.22853724658489227
PB04,1,0,0.21605049073696136
PB04,0,0,0.16529682278633118
PB04,1,0,0.3137364089488983
PB04,1,0,0.3354845643043518
PB04,1,0,0.17041869461536407
PB04,1,0,0.33993497490882874
PB04,0,0,0.29570701718330383
PB04,1,0,0.3454975187778473
PB04,0,0,0.37713325023651123
PB04,1,0,0.45215684175491333
PB04,0,0,0.24044261872768402
PB04,1,0,0.17008759081363678
PB04,1,0,0.34099096059799194
PB04,1,0,0.33917367458343506
PB04,0,0,0.33155983686447144
PB04,0,0,0.2526637017726898
PB04,1,0,0.31610679626464844
PB04,1,0,0.29203104972839355
PB04,0,0,0.22429417073726654
PB04,0,0,0.3989364802837372
PB04,1,0,0.18635374307632446
PB04,0,0,0.36354464292526245
PB04,1,0,0.30210480093955994
PB04,0,0,0.22816160321235657
PB04,0,0,0.23703011870384216
PB04,1,0,0.2739933729171753
PB04,0,0,0.3513413369655609
PB04,0,0,0.17224887013435364
PB04,1,0,0.32772067189216614
PB04,0,0,0.2195090353488922
PB04,1,0,0.3010173439979553
PB04,0,0,0.23364083468914032
PB04,0,0,0.43253669142723083
PB04,0,0,0.4572584927082062
PB04,1,0,0.2789432406425476
PB04,1,0,0.3853205442428589
PB04,1,0,0.3072759211063385
PB04,0,1,0.5546266436576843
PB05,0,0,0.43689027428627014
PB05,0,0,0.3095477521419525
PB05,0,0,0.27621760964393616
PB05,0,0,0.28552475571632385
PB05,1,1,0.5011710524559021
PB05,1,0,0.39400923252105713
PB05,0,0,0.3756016194820404
PB05,1,0,0.3886721432209015
PB05,1,0,0.4345157742500305
PB05,1,0,0.2850089371204376
PB05,0,0,0.28199201822280884
PB05,1,0,0.2748381793498993
PB05,0,0,0.0926136001944542
PB05,1,0,0.4091683030128479
PB05,1,0,0.2887550890445709
PB05,0,0,0.24675564467906952
PB05,1,0,0.2611773610115051
PB05,1,0,0.2857120931148529
PB05,1,0,0.2792772352695465
PB05,1,0,0.1758381575345993
PB05,0,0,0.10095430910587311
PB05,0,0,0.3342713415622711
PB05,0,0,0.283314049243927
PB05,1,0,0.18843047320842743
PB05,1,0,0.4284328818321228
PB05,0,0,0.3754711449146271
PB05,0,0,0.2871921956539154
PB05,0,0,0.3040879964828491
PB05,0,0,0.273313969373703
PB05,1,0,0.1570211797952652
PB05,1,0,0.4156416952610016
PB05,0,0,0.33593007922172546
PB05,0,0,0.12294163554906845
PB05,0,0,0.09085629880428314
PB05,0,0,0.3580608367919922
PB05,0,0,0.31959521770477295
PB05,1,0,0.29275625944137573
PB05,1,0,0.2904822528362274
PB05,1,0,0.3647819459438324
PB05,1,0,0.36153578758239746
PB05,0,0,0.29779472947120667
PB05,0,0,0.4977341890335083
PB05,0,0,0.30662408471107483
PB05,1,0,0.33087363839149475
PB05,1,0,0.39455288648605347
PB05,0,0,0.46560364961624146
PB05,1,0,0.457613080739975
PB05,1,0,0.33620375394821167
PB05,1,0,0.3462178707122803
PB05,0,0,0.17643460631370544
PB06,1,0,0.19929853081703186
PB06,0,0,0.4376932978630066
PB06,0,0,0.4732557535171509
PB06,0,0,0.41496142745018005
PB06,0,0,0.41086533665657043
PB06,1,0,0.3910353183746338
PB06,0,0,0.3423026204109192
PB06,0,0,0.13694557547569275
PB06,0,0,0.410554975271225
PB06,1,0,0.396047979593277
PB06,0,0,0.37234359979629517
PB06,0,0,0.3958081007003784
PB06,0,0,0.4236350655555725
PB06,0,0,0.4407815933227539
PB06,1,0,0.39068716764450073
PB06,1,1,0.5075705051422119
PB06,1,1,0.5523502230644226
PB06,0,0,0.3037700653076172
PB06,1,0,0.4238383173942566
PB06,1,0,0.23929592967033386
PB06,1,0,0.43670713901519775
PB06,1,1,0.5819175839424133
PB06,0,0,0.4137362837791443
PB06,1,0,0.22038982808589935
PB06,1,1,0.5064879655838013
PB06,1,0,0.35500258207321167
PB06,0,1,0.5763935446739197
PB06,0,0,0.26526033878326416
PB06,1,0,0.35703569650650024
PB06,0,0,0.403744101524353
PB06,0,0,0.4590534567832947
PB06,1,0,0.36383533477783203
PB06,0,1,0.5087271332740784
PB06,0,0,0.45783522725105286
PB06,0,0,0.24111226201057434
PB06,1,0,0.313500314950943
PB06,0,0,0.48292097449302673
PB06,1,0,0.3781003952026367
PB06,1,0,0.30502980947494507
PB06,0,0,0.4942319095134735
PB06,1,0,0.37735283374786377
PB06,0,0,0.4566895067691803
PB06,1,0,0.4001089036464691
PB06,1,1,0.5858657360076904
PB06,1,1,0.641676664352417
PB06,0,0,0.34324514865875244
PB06,1,0,0.4416326880455017
PB06,1,0,0.40248289704322815
PB06,0,0,0.37576743960380554
PB06,1,0,0.26890575885772705
PB07,1,0,0.2639698386192322
PB07,1,0,0.21395786106586456
PB07,0,0,0.02056427113711834
PB07,0,0,0.32326674461364746
PB07,1,0,0.43999966979026794
PB07,1,0,0.4698105454444885
PB07,0,0,0.09722442924976349
PB07,0,0,0.41264796257019043
PB07,0,0,0.13461396098136902
PB07,1,0,0.4132014214992523
PB07,0,0,0.3789527118206024
PB07,0,0,0.27633681893348694
PB07,1,0,0.23746056854724884
PB07,0,0,0.31721484661102295
PB07,0,0,0.32554832100868225
PB07,0,0,0.15364515781402588
PB07,1,0,0.32545045018196106
PB07,1,0,0.20122893154621124
PB07,0,0,0.07204736769199371
PB07,1,0,0.2625952959060669
PB07,1,0,0.29814597964286804
PB07,1,0,0.35813745856285095
PB07,1,0,0.41449618339538574
PB07,0,0,0.49629586935043335
PB07,0,0,0.4440598785877228
PB07,0,0,0.30173516273498535
PB07,1,0,0.30238887667655945
PB07,0,0,0.04061256721615791
PB07,0,0,0.31049075722694397
PB07,0,0,0.06995296478271484
PB07,1,0,0.40239372849464417
PB07,1,0,0.38595497608184814
PB07,1,0,0.3499497175216675
PB07,0,0,0.22683605551719666
PB07,0,0,0.3577800989151001
PB07,1,0,0.1684223711490631
PB07,0,0,0.40480050444602966
PB07,1,0,0.25113123655319214
PB07,1,0,0.07638344168663025
PB07,1,0,0.17528264224529266
PB07,0,0,0.3116043508052826
PB07,1,0,0.2749583423137665
PB07,1,0,0.21188798546791077
PB07,1,0,0.20097535848617554
PB07,0,0,0.34493890404701233
PB07,0,0,0.17526522278785706
PB07,0,0,0.1848735809326172
PB07,1,0,0.3657763600349426
PB07,1,0,0.33071765303611755
PB07,0,0,0.10822268575429916
PB08,1,0,0.33307138085365295
PB08,0,0,0.4172847270965576
PB08,0,0,0.49578097462654114
PB08,1,0,0.4412911832332611
PB08,0,1,0.5445469617843628
PB08,1,1,0.5014860033988953
PB08,1,0,0.3983519971370697
PB08,1,1,0.5670706033706665
PB08,1,0,0.37712767720222473
PB08,1,0,0.34483590722084045
PB08,0,0,0.3806290626525879
PB08,1,1,0.6411842107772827
PB08,1,1,0.5281975269317627
PB08,1,0,0.3098924160003662
PB08,0,0,0.05227334052324295
PB08,0,0,0.4966464042663574
PB08,1,1,0.5869588255882263
PB08,0,0,0.3064228296279907
PB08,0,0,0.4646839201450348
PB08,0,0,0.41841548681259155
PB08,0,0,0.31316256523132324
PB08,1,1,0.5858603715896606
PB08,1,0,0.4903794825077057
PB08,0,0,0.11495307832956314
PB08,1,0,0.3945162296295166
PB08,1,1,0.6395002007484436
PB08,0,0,0.16996410489082336
PB08,0,1,0.5485079288482666
PB08,0,1,0.5543094277381897
PB08,0,1,0.5441820025444031
PB08,1,0,0.4547368884086609
PB08,0,0,0.4373653531074524
PB08,1,0,0.3775034248828888
PB08,1,1,0.579707682132721
PB08,1,0,0.3491986095905304
PB08,0,0,0.3196117877960205
PB08,1,1,0.5131754875183105
PB08,0,1,0.5374064445495605
PB08,0,1,0.5695933699607849
PB08,0,0,0.30026501417160034
PB08,1,0,0.4273756444454193
PB08,1,0,0.29980581998825073
PB08,1,0,0.4990413784980774
PB08,0,0,0.036811769008636475
PB08,1,0,0.42046934366226196
PB08,0,0,0.3868910074234009
PB08,0,0,0.07431121915578842
PB08,0,1,0.5568261742591858
PB08,1,1,0.5453383326530457
PB08,0,1,0.5152666568756104
PB10,0,0,0.474090576171875
PB10,0,0,0.40168291330337524
PB10,0,0,0.39135491847991943
PB10,0,0,0.4349230229854584
PB10,0,0,0.31244227290153503
PB10,0,0,0.22506743669509888
PB10,0,0,0.35079240798950195
PB10,1,0,0.37733328342437744
PB10,0,0,0.2835884392261505
PB10,0,0,0.24984104931354523
PB10,0,0,0.39911845326423645
PB10,0,1,0.5347210764884949
PB10,1,0,0.4346306025981903
PB10,0,0,0.32508933544158936
PB10,1,0,0.25380101799964905
PB10,1,0,0.3660227656364441
PB10,0,0,0.35106557607650757
PB10,1,1,0.5378295183181763
PB10,1,0,0.45703285932540894
PB10,1,0,0.43648001551628113
PB10,1,0,0.4794174134731293
PB10,1,0,0.4891325831413269
PB10,1,0,0.29357731342315674
PB10,1,1,0.5389929413795471
PB10,0,0,0.2600124776363373
PB10,1,0,0.436603307723999
PB10,0,0,0.46014243364334106
PB10,0,0,0.4075429439544678
PB10,0,0,0.27571091055870056
PB10,0,0,0.4055030643939972
PB10,1,0,0.45651325583457947
PB10,1,1,0.5109456181526184
PB10,1,1,0.6372133493423462
PB10,1,0,0.3864666223526001
PB10,0,0,0.34725648164749146
PB10,1,0,0.4813097417354584
PB10,0,0,0.31162557005882263
PB10,0,0,0.2668950855731964
PB10,1,0,0.2817779779434204
PB10,0,0,0.4887329339981079
PB10,1,0,0.3744048476219177
PB10,1,1,0.5000417232513428
PB10,1,1,0.5102237462997437
PB10,1,0,0.3391079604625702
PB10,0,0,0.3804963529109955
PB10,1,0,0.4846966564655304
PB10,1,0,0.29319146275520325
PB10,0,0,0.30145263671875
PB10,1,0,0.4246118664741516
PB10,0,0,0.4217902421951294
PB12,0,0,0.2563785910606384
PB12,0,0,0.1696218103170395
PB12,0,0,0.21342512965202332
PB12,0,0,0.039839185774326324
PB12,0,0,0.42931994795799255
PB12,1,0,0.2865928113460541
PB12,1,0,0.33819475769996643
PB12,1,0,0.4687035083770752
PB12,0,0,0.3693942427635193
PB12,0,0,0.2491244226694107
PB12,1,0,0.2940022349357605
PB12,1,0,0.3218218982219696
PB12,0,0,0.35263675451278687
PB12,1,0,0.25765079259872437
PB12,0,0,0.2422162890434265
PB12,0,0,0.23811103403568268
PB12,0,0,0.3035067617893219
PB12,0,0,0.4451972544193268
PB12,1,0,0.3116435408592224
PB12,1,0,0.486873596906662
PB12,1,0,0.25808945298194885
PB12,1,0,0.327440083026886
PB12,1,0,0.23874393105506897
PB12,1,0,0.23902703821659088
PB12,0,0,0.40712544322013855
PB12,1,0,0.28178563714027405
PB12,0,0,0.28591710329055786
PB12,1,0,0.29779770970344543
PB12,0,0,0.21419614553451538
PB12,0,0,0.2470477819442749
PB12,1,1,0.5730714201927185
PB12,0,0,0.22360321879386902
PB12,0,0,0.09978611767292023
PB12,0,0,0.4562515318393707
PB12,1,0,0.43161657452583313
PB12,1,0,0.3554476797580719
PB12,0,1,0.534148097038269
PB12,0,0,0.05586409568786621
PB12,0,0,0.21758435666561127
PB12,1,0,0.2893185615539551
PB12,1,0,0.29032090306282043
PB12,0,0,0.31443509459495544
PB12,1,0,0.33235296607017517
PB12,1,0,0.2714771330356598
PB12,1,0,0.39034995436668396
PB12,1,0,0.2557482123374939
PB12,1,0,0.21194811165332794
PB12,1,0,0.26483866572380066
PB12,0,0,0.29620566964149475
PB12,0,0,0.44321733713150024
PB13,0,0,0.1808265596628189
PB13,1,0,0.05837870016694069
PB13,0,0,0.39706650376319885
PB13,0,0,0.38332635164260864
PB13,1,0,0.2673724889755249
PB13,0,0,0.16490040719509125
PB13,0,0,0.3540372848510742
PB13,1,0,0.30627867579460144
PB13,1,0,0.40455129742622375
PB13,1,0,0.355157732963562
PB13,1,0,0.3498266637325287
PB13,0,0,0.488357812166214
PB13,1,0,0.4540018141269684
PB13,0,0,0.2043032944202423
PB13,1,1,0.5183063745498657
PB13,0,0,0.4017085134983063
PB13,1,1,0.5694142580032349
PB13,0,0,0.21100834012031555
PB13,1,0,0.23535311222076416
PB13,1,1,0.5614961385726929
PB13,1,0,0.2982662618160248
PB13,0,0,0.39477652311325073
PB13,1,0,0.270553857088089
PB13,0,0,0.0790557861328125
PB13,0,0,0.3519382178783417
PB13,1,0,0.4893237352371216
PB13,0,0,0.3063969612121582
PB13,1,0,0.2740115523338318
PB13,1,0,0.4770256578922272
PB13,1,0,0.46475303173065186
PB13,0,0,0.3357540965080261
PB13,0,0,0.15015845000743866
PB13,0,0,0.33361464738845825
PB13,0,0,0.35360845923423767
PB13,0,0,0.3241159915924072
PB13,1,0,0.22786100208759308
PB13,0,0,0.3227071464061737
PB13,0,0,0.244478240609169
PB13,1,0,0.26963144540786743
PB13,1,0,0.3211410641670227
PB13,0,0,0.25908321142196655
PB13,0,0,0.4067973792552948
PB13,1,0,0.38245683908462524
PB13,1,1,0.5325019359588623
PB13,0,0,0.31111079454421997
PB13,0,0,0.2794797718524933
PB13,1,0,0.23216864466667175
PB13,0,0,0.2856101393699646
PB13,1,0,0.20066258311271667
PB13,1,0,0.3014826774597168
PB14,0,0,0.21633568406105042
PB14,1,0,0.23566876351833344
PB14,1,0,0.22449535131454468
PB14,1,1,0.5197425484657288
PB14,1,0,0.2374294400215149
PB14,0,0,0.2704993486404419
PB14,0,0,0.27992287278175354
PB14,1,0,0.30572980642318726
PB14,1,0,0.42467308044433594
PB14,1,0,0.3429340124130249
PB14,1,0,0.4839894771575928
PB14,0,0,0.3109220862388611
PB14,1,0,0.3277405798435211
PB14,1,0,0.3521883487701416
PB14,0,0,0.13447940349578857
PB14,0,0,0.3685447573661804
PB14,0,0,0.4715847969055176
PB14,0,0,0.34111347794532776
PB14,0,0,0.27834373712539673
PB14,1,0,0.210344597697258
PB14,0,0,0.12894760072231293
PB14,0,0,0.28653624653816223
PB14,1,0,0.2781223952770233
PB14,1,0,0.42307373881340027
PB14,0,0,0.3795766830444336
PB14,0,0,0.23282933235168457
PB14,1,0,0.3761562705039978
PB14,0,1,0.5098704099655151
PB14,1,0,0.3302486538887024
PB14,0,1,0.5128816366195679
PB14,1,0,0.3151724934577942
PB14,1,0,0.17260964214801788
PB14,1,0,0.3276589512825012
PB14,0,1,0.5424546599388123
PB14,1,0,0.46729734539985657
PB14,0,0,0.49819135665893555
PB14,0,0,0.3384097218513489
PB14,1,0,0.3256743550300598
PB14,1,0,0.3730774521827698
PB14,0,0,0.22287116944789886
PB14,0,0,0.3309935927391052
PB14,0,0,0.290587455034256
PB14,0,0,0.3691915273666382
PB14,1,0,0.3533194363117218
PB14,1,0,0.3740144371986389
PB14,0,0,0.45780158042907715
PB14,1,0,0.4774964451789856
PB14,1,0,0.36129507422447205
PB14,0,0,0.3070589303970337
PB14,0,0,0.3076806962490082
PB15,1,0,0.07039706408977509
PB15,1,0,0.33513200283050537
PB15,0,0,0.10468866676092148
PB15,0,0,0.440498024225235
PB15,1,0,0.2730395197868347
PB15,1,0,0.27016186714172363
PB15,0,0,0.06819465011358261
PB15,0,0,0.2954272925853729
PB15,0,0,0.24180516600608826
PB15,0,0,0.23685584962368011
PB15,0,0,0.3759690821170807
PB15,0,0,0.20599623024463654
PB15,0,0,0.31030815839767456
PB15,0,0,0.3177654445171356
PB15,0,0,0.25344663858413696
PB15,0,0,0.08888159692287445
PB15,0,0,0.28017622232437134
PB15,0,0,0.26241371035575867
PB15,0,0,0.29608139395713806
PB15,1,0,0.04608923941850662
PB15,1,0,0.38288116455078125
PB15,0,0,0.3387559950351715
PB15,1,0,0.3172893822193146
PB15,1,0,0.23611178994178772
PB15,1,0,0.4453383982181549
PB15,0,0,0.12900593876838684
PB15,1,0,0.2570706605911255
PB15,1,0,0.37618541717529297
PB15,0,0,0.24329958856105804
PB15,0,0,0.21576890349388123
PB15,1,0,0.30864232778549194
PB15,1,0,0.22229571640491486
PB15,1,0,0.3095625042915344
PB15,0,0,0.10881207883358002
PB15,0,0,0.31899648904800415
PB15,1,0,0.28597018122673035
PB15,1,0,0.2723556458950043
PB15,1,0,0.2477116733789444
PB15,1,0,0.4000256359577179
PB15,1,0,0.28266438841819763
PB15,1,0,0.18874496221542358
PB15,0,0,0.24800454080104828
PB15,1,0,0.28027042746543884
PB15,1,0,0.2817394435405731
PB15,0,0,0.3191421627998352
PB15,1,0,0.30021846294403076
PB15,0,0,0.23747310042381287
PB15,1,0,0.2555939257144928
PB15,0,0,0.24362899363040924
PB15,1,0,0.2893175482749939
PB16,0,0,0.13265232741832733
PB16,0,0,0.05570476874709129
PB16,0,0,0.08846739679574966
PB16,1,0,0.35906311869621277
PB16,1,0,0.460452675819397
PB16,1,1,0.5709360241889954
PB16,0,0,0.3227241039276123
PB16,1,0,0.1842571645975113
PB16,1,0,0.31146448850631714
PB16,1,1,0.5428416728973389
PB16,0,0,0.22100292146205902
PB16,1,0,0.09236075729131699
PB16,1,0,0.14313943684101105
PB16,0,0,0.45455023646354675
PB16,1,0,0.4414425492286682
PB16,0,0,0.39218008518218994
PB16,0,0,0.4486510455608368
PB16,1,1,0.5620403289794922
PB16,0,0,0.23405218124389648
PB16,0,0,0.3599928319454193
PB16,0,0,0.40831366181373596
PB16,1,0,0.39594194293022156
PB16,1,1,0.5353782176971436
PB16,0,0,0.23990611732006073
PB16,1,1,0.5256185531616211
PB16,0,0,0.2885792553424835
PB16,0,0,0.42413315176963806
PB16,0,0,0.26365771889686584
PB16,1,0,0.3280199468135834
PB16,0,0,0.17100554704666138
PB16,0,0,0.10860326886177063
PB16,1,0,0.2487907111644745
PB16,1,0,0.42126721143722534
PB16,1,0,0.28259900212287903
PB16,1,0,0.31568247079849243
PB16,1,0,0.3644522726535797
PB16,0,0,0.13576941192150116
PB16,1,0,0.40111562609672546
PB16,1,0,0.45132869482040405
PB16,0,0,0.3648029565811157
PB16,0,0,0.49985554814338684
PB16,1,0,0.3453352749347687
PB16,0,0,0.18199335038661957
PB16,1,0,0.45299381017684937
PB16,0,0,0.04487985000014305
PB16,0,0,0.38323402404785156
PB16,0,0,0.33618471026420593
PB16,0,0,0.22184553742408752
PB16,1,1,0.5050781965255737
PB16,1,1,0.5165491700172424
PB17,1,0,0.462876558303833
PB17,0,0,0.45862695574760437
PB17,1,0,0.2915188670158386
PB17,0,0,0.21964523196220398
PB17,0,0,0.2840076982975006
PB17,0,0,0.4553419351577759
PB17,1,0,0.3978227376937866
PB17,1,0,0.2505682706832886
PB17,0,0,0.35256054997444153
PB17,1,0,0.2665347754955292
PB17,1,0,0.35535669326782227
PB17,0,0,0.24846486747264862
PB17,0,0,0.1573534905910492
PB17,0,0,0.27318501472473145
PB17,0,0,0.298869788646698
PB17,1,1,0.515480637550354
PB17,1,0,0.30605360865592957
PB17,0,0,0.4206254780292511
PB17,1,0,0.43335846066474915
PB17,0,0,0.23365965485572815
PB17,0,0,0.24275997281074524
PB17,1,0,0.34289243817329407
PB17,1,0,0.31092119216918945
PB17,0,0,0.23871301114559174
PB17,1,0,0.29775717854499817
PB17,1,0,0.4046953320503235
PB17,1,0,0.40513721108436584
PB17,0,0,0.23353756964206696
PB17,1,0,0.29240909218788147
PB17,1,0,0.41732412576675415
PB17,1,0,0.44388899207115173
PB17,0,0,0.26303955912590027
PB17,1,0,0.23619750142097473
PB17,1,0,0.3092122972011566
PB17,0,0,0.4701075255870819
PB17,0,0,0.3858066201210022
PB17,0,0,0.34403955936431885
PB17,1,0,0.2053561508655548
PB17,0,0,0.30596092343330383
PB17,1,0,0.3935351073741913
PB17,0,0,0.398030161857605
PB17,0,0,0.24450424313545227
PB17,1,0,0.3532608151435852
PB17,0,0,0.3320511281490326
PB17,1,0,0.3120231330394745
PB17,1,0,0.44075560569763184
PB17,0,0,0.3887086510658264
PB17,0,0,0.40890005230903625
PB17,1,0,0.33288127183914185
PB17,0,0,0.2973540127277374
PB18,0,0,0.29350435733795166
PB18,0,0,0.23676063120365143
PB18,0,0,0.2900937795639038
PB18,1,0,0.22281652688980103
PB18,0,0,0.04512409493327141
PB18,1,0,0.40447142720222473
PB18,0,0,0.3683728575706482
PB18,1,0,0.2997298836708069
PB18,0,0,0.2641788423061371
PB18,1,0,0.4355122148990631
PB18,0,0,0.3359508514404297
PB18,1,0,0.419973760843277
PB18,0,0,0.40143778920173645
PB18,0,0,0.32686078548431396
PB18,1,0,0.28515973687171936
PB18,1,0,0.3565308749675751
PB18,0,0,0.21982140839099884
PB18,1,0,0.3772244155406952
PB18,1,0,0.2926940619945526
PB18,0,0,0.3494241237640381
PB18,1,0,0.424602746963501
PB18,0,0,0.21410198509693146
PB18,0,0,0.10501204431056976
PB18,0,0,0.3210572600364685
PB18,0,0,0.37315934896469116
PB18,1,0,0.2455424815416336
PB18,0,0,0.3687605559825897
PB18,1,0,0.29000863432884216
PB18,1,0,0.3372822701931
PB18,0,0,0.20435769855976105
PB18,1,0,0.15638872981071472
PB18,1,0,0.2541410028934479
PB18,0,0,0.2329741269350052
PB18,1,0,0.16422587633132935
PB18,1,0,0.4366106390953064
PB18,1,0,0.29407447576522827
PB18,1,0,0.4638209342956543
PB18,0,0,0.3388977348804474
PB18,1,0,0.32069113850593567
PB18,1,0,0.32899489998817444
PB18,0,0,0.16330057382583618
PB18,0,0,0.11044418811798096
PB18,0,0,0.27294233441352844
PB18,1,0,0.19157329201698303
PB18,1,0,0.39794859290122986
PB18,0,0,0.37221407890319824
PB18,1,0,0.3900003433227539
PB18,0,0,0.20905949175357819
PB18,0,0,0.36513715982437134
PB18,1,0,0.4704211950302124
